data,temp_media,maxima,minima
01/02/2010,24.1,35.6,10.8
02/02/2010,14.8,25.9,15.9
03/02/2010,22.7,30.3,24.8
04/02/2010,23.6,20.8,14.9
05/02/2010,22.6,17.5,16.3
06/02/2010,20.1,24.7,16.6
07/02/2010,24.5,16.6,11.5
08/02/2010,19.1,21.1,11.7
09/02/2010,24.7,26.5,11.7
10/02/2010,17.5,24.5,14.2
11/02/2010,25.7,27.0,17.8
12/02/2010,20.8,28.6,16.5
13/02/2010,19.5,18.3,18.1
14/02/2010,19.7,19.8,26.1
15/02/2010,25.5,12.7,28.2
16/02/2010,17.5,23.0,16.1
17/02/2010,20.9,29.3,20.1
18/02/2010,14.7,33.6,18.9
19/02/2010,17.3,26.2,20.9
20/02/2010,22.2,33.0,20.7
21/02/2010,16.6,27.3,13.1
22/02/2010,24.3,25.7,25.2
23/02/2010,26.8,21.6,23.1
24/02/2010,16.8,11.5,20.3
25/02/2010,16.9,32.1,19.0
26/02/2010,24.0,24.8,17.6
27/02/2010,21.1,33.1,16.7
28/02/2010,12.4,19.7,19.5
01/03/2010,15.5,39.0,16.9
02/03/2010,20.3,23.7,17.5
03/03/2010,29.2,21.2,15.8
04/03/2010,24.3,23.9,15.0
05/03/2010,32.0,26.1,24.9
06/03/2010,19.7,24.7,16.7
07/03/2010,8.0,22.2,14.3
08/03/2010,31.8,14.8,17.1
09/03/2010,15.0,20.5,10.4
10/03/2010,12.6,31.3,20.8
11/03/2010,23.9,20.1,16.3
12/03/2010,26.5,15.3,14.7
13/03/2010,25.7,19.1,14.2
14/03/2010,21.7,24.6,8.6
15/03/2010,10.4,20.8,25.1
16/03/2010,21.3,23.5,17.2
17/03/2010,26.4,20.6,25.0
18/03/2010,21.9,30.9,15.1
19/03/2010,19.5,27.9,18.5
20/03/2010,24.7,37.8,19.9
21/03/2010,24.4,23.0,18.7
22/03/2010,17.6,23.5,14.1
23/03/2010,21.9,31.9,7.7
24/03/2010,19.2,27.4,27.2
25/03/2010,20.9,19.8,12.8
26/03/2010,19.4,28.3,28.6
27/03/2010,18.2,27.4,13.4
28/03/2010,16.1,14.9,23.0
29/03/2010,21.7,21.4,19.1
30/03/2010,22.7,26.2,19.4
31/03/2010,16.8,33.4,13.3
01/04/2010,14.2,29.1,14.3
02/04/2010,19.1,21.9,14.4
03/04/2010,18.4,21.1,17.0
04/04/2010,24.5,29.7,15.2
05/04/2010,24.5,11.3,13.7
06/04/2010,13.5,20.5,11.7
07/04/2010,18.6,33.2,12.2
08/04/2010,21.2,26.8,18.2
09/04/2010,17.8,20.8,12.3
10/04/2010,26.5,18.3,10.3
11/04/2010,12.2,29.9,16.3
12/04/2010,16.3,25.6,5.1
13/04/2010,19.9,23.9,15.6
14/04/2010,16.0,27.3,16.0
15/04/2010,17.6,26.1,18.4
16/04/2010,10.7,25.6,17.3
17/04/2010,25.5,17.6,9.5
18/04/2010,22.5,19.3,14.8
19/04/2010,9.7,29.4,18.8
20/04/2010,24.5,28.3,17.7
21/04/2010,18.5,27.3,11.9
22/04/2010,17.7,21.8,17.7
23/04/2010,20.3,29.5,20.1
24/04/2010,17.6,23.0,10.9
25/04/2010,19.5,32.6,6.2
26/04/2010,14.6,20.9,24.2
27/04/2010,17.8,22.1,17.2
28/04/2010,16.1,24.3,13.4
29/04/2010,21.9,30.0,13.3
30/04/2010,19.0,24.9,16.4
01/05/2010,19.2,25.3,20.7
02/05/2010,14.8,22.9,8.4
03/05/2010,22.9,26.7,13.7
04/05/2010,21.8,24.7,23.7
05/05/2010,25.3,20.7,19.7
06/05/2010,21.3,25.9,19.2
07/05/2010,19.2,26.0,17.6
08/05/2010,22.6,38.5,17.2
09/05/2010,16.1,21.6,13.4
10/05/2010,17.5,20.3,13.0
11/05/2010,16.9,26.7,19.6
12/05/2010,25.7,19.5,13.0
13/05/2010,19.1,19.0,17.0
14/05/2010,20.2,16.9,16.4
15/05/2010,16.5,20.7,26.3
16/05/2010,21.0,20.8,14.9
17/05/2010,19.4,17.8,21.3
18/05/2010,26.3,23.7,19.1
19/05/2010,19.0,11.6,15.1
20/05/2010,22.8,27.9,9.6
21/05/2010,14.9,22.0,15.4
22/05/2010,20.0,22.8,20.0
23/05/2010,21.4,28.5,9.7
24/05/2010,15.0,27.3,19.7
25/05/2010,20.7,21.5,22.2
26/05/2010,14.2,27.7,16.1
27/05/2010,8.8,34.0,20.1
28/05/2010,20.5,19.4,16.3
29/05/2010,24.5,29.4,18.4
30/05/2010,9.2,18.8,22.9
31/05/2010,23.2,31.8,8.1
01/02/2011,19.2,18.6,16.2
02/02/2011,26.2,29.3,19.1
03/02/2011,19.0,20.5,18.2
04/02/2011,20.2,31.6,3.0
05/02/2011,21.6,25.5,18.0
06/02/2011,24.3,25.0,17.8
07/02/2011,29.3,32.0,9.6
08/02/2011,13.4,28.7,7.0
09/02/2011,18.3,20.5,17.7
10/02/2011,22.3,35.3,23.6
11/02/2011,14.2,16.4,13.9
12/02/2011,12.1,26.7,14.1
13/02/2011,18.7,20.4,26.8
14/02/2011,14.8,16.6,20.0
15/02/2011,22.5,18.7,9.8
16/02/2011,16.2,24.8,12.2
17/02/2011,22.1,27.1,26.2
18/02/2011,26.8,31.2,12.5
19/02/2011,29.2,33.6,13.1
20/02/2011,21.1,26.7,18.9
21/02/2011,15.9,22.6,14.4
22/02/2011,26.3,31.1,17.8
23/02/2011,20.9,21.6,17.1
24/02/2011,20.9,16.0,15.0
25/02/2011,22.2,30.5,21.5
26/02/2011,14.4,32.7,9.5
27/02/2011,13.7,20.4,16.2
28/02/2011,23.5,36.3,12.9
01/03/2011,17.6,28.5,23.6
02/03/2011,22.5,27.6,14.8
03/03/2011,19.5,22.2,25.0
04/03/2011,25.0,30.9,13.6
05/03/2011,27.7,16.4,16.2
06/03/2011,20.6,23.2,20.9
07/03/2011,23.9,20.9,11.0
08/03/2011,19.6,17.7,23.0
09/03/2011,26.1,30.1,15.8
10/03/2011,12.3,27.1,17.7
11/03/2011,22.6,29.7,18.3
12/03/2011,17.8,23.5,15.3
13/03/2011,22.7,30.8,11.7
14/03/2011,19.1,25.6,16.1
15/03/2011,21.6,22.4,5.9
16/03/2011,17.9,21.5,9.3
17/03/2011,5.7,13.8,15.0
18/03/2011,25.6,31.8,23.1
19/03/2011,10.3,31.1,23.0
20/03/2011,14.5,41.8,20.4
21/03/2011,21.9,23.2,8.2
22/03/2011,22.0,21.3,17.1
23/03/2011,24.5,15.4,11.5
24/03/2011,21.8,30.6,15.3
25/03/2011,25.5,29.3,20.3
26/03/2011,23.5,34.0,18.8
27/03/2011,11.6,19.9,21.9
28/03/2011,20.4,29.2,8.8
29/03/2011,16.7,22.1,10.7
30/03/2011,28.3,32.8,23.0
31/03/2011,16.5,28.2,23.0
01/04/2011,23.5,16.2,15.6
02/04/2011,12.4,24.4,15.5
03/04/2011,18.8,14.0,21.3
04/04/2011,20.2,18.5,18.2
05/04/2011,12.0,18.8,18.6
06/04/2011,18.0,21.5,11.2
07/04/2011,21.9,23.6,21.2
08/04/2011,24.6,26.1,14.7
09/04/2011,24.0,25.8,8.9
10/04/2011,20.2,25.0,11.9
11/04/2011,21.8,27.0,12.8
12/04/2011,14.2,18.0,22.8
13/04/2011,11.3,25.5,12.3
14/04/2011,19.6,33.3,17.5
15/04/2011,13.1,24.2,5.4
16/04/2011,8.7,28.0,20.2
17/04/2011,18.1,27.4,11.8
18/04/2011,18.0,30.1,17.6
19/04/2011,15.6,26.8,17.5
20/04/2011,21.4,30.0,18.7
21/04/2011,22.2,28.0,17.3
22/04/2011,21.7,28.9,24.9
23/04/2011,18.4,27.7,16.7
24/04/2011,17.5,19.4,26.5
25/04/2011,13.6,18.4,18.7
26/04/2011,19.1,23.1,17.0
27/04/2011,23.2,34.0,20.0
28/04/2011,18.9,24.1,16.6
29/04/2011,20.1,26.9,17.8
30/04/2011,20.7,13.9,17.3
01/05/2011,18.9,26.2,16.9
02/05/2011,16.2,25.6,25.9
03/05/2011,19.5,9.9,26.7
04/05/2011,20.9,26.8,17.2
05/05/2011,22.3,15.7,21.8
06/05/2011,30.0,21.0,21.5
07/05/2011,20.1,30.8,20.9
08/05/2011,21.8,26.0,18.3
09/05/2011,16.1,22.6,18.9
10/05/2011,20.1,22.1,18.4
11/05/2011,14.6,22.7,12.2
12/05/2011,12.8,26.0,15.3
13/05/2011,14.4,18.3,9.9
14/05/2011,19.6,31.6,18.4
15/05/2011,11.3,18.6,17.7
16/05/2011,20.9,15.3,19.0
17/05/2011,19.9,30.8,11.9
18/05/2011,13.2,22.6,20.3
19/05/2011,17.9,25.5,17.9
20/05/2011,18.0,28.9,26.5
21/05/2011,23.3,21.0,19.6
22/05/2011,15.6,25.9,12.8
23/05/2011,25.9,28.8,9.1
24/05/2011,18.1,34.5,16.7
25/05/2011,17.8,22.2,10.7
26/05/2011,9.7,22.5,12.1
27/05/2011,3.7,28.3,11.0
28/05/2011,17.4,26.3,12.8
29/05/2011,11.4,24.3,22.7
30/05/2011,14.0,34.2,11.0
31/05/2011,18.1,15.5,13.6
01/02/2012,20.8,31.2,15.6
02/02/2012,17.2,32.1,12.7
03/02/2012,20.7,39.9,10.8
04/02/2012,22.3,28.3,20.1
05/02/2012,25.4,27.0,22.4
06/02/2012,28.2,32.9,18.4
07/02/2012,18.5,36.5,18.8
08/02/2012,16.8,21.6,21.3
09/02/2012,13.6,24.0,13.9
10/02/2012,22.3,19.3,26.0
11/02/2012,19.6,27.1,10.5
12/02/2012,18.8,30.2,14.5
13/02/2012,13.5,19.7,11.9
14/02/2012,16.3,31.6,16.0
15/02/2012,22.6,22.5,24.0
16/02/2012,24.1,22.1,14.5
17/02/2012,20.8,31.6,17.7
18/02/2012,20.0,21.6,1.6
19/02/2012,25.8,17.1,17.7
20/02/2012,23.8,29.4,20.5
21/02/2012,23.8,24.4,16.3
22/02/2012,15.7,32.0,10.5
23/02/2012,30.4,29.9,9.8
24/02/2012,27.2,15.1,13.0
25/02/2012,21.7,32.6,9.8
26/02/2012,16.4,36.0,23.3
27/02/2012,15.1,31.0,17.9
28/02/2012,21.7,31.3,22.7
29/02/2012,20.9,23.7,14.3
01/03/2012,18.4,22.4,12.0
02/03/2012,14.4,26.3,12.3
03/03/2012,21.3,30.4,13.4
04/03/2012,18.8,30.2,13.3
05/03/2012,12.3,22.6,21.6
06/03/2012,19.6,22.1,20.1
07/03/2012,24.2,16.6,17.0
08/03/2012,21.3,28.8,7.6
09/03/2012,18.0,22.9,17.1
10/03/2012,28.0,23.4,14.2
11/03/2012,16.0,35.0,22.5
12/03/2012,21.4,28.5,20.0
13/03/2012,17.1,27.0,16.3
14/03/2012,20.0,29.9,5.5
15/03/2012,17.5,33.2,15.0
16/03/2012,25.8,15.9,12.5
17/03/2012,21.1,21.9,17.6
18/03/2012,20.8,23.8,10.1
19/03/2012,17.7,19.5,16.9
20/03/2012,18.8,23.6,4.9
21/03/2012,23.1,16.3,9.0
22/03/2012,23.2,30.4,11.4
23/03/2012,20.8,22.2,13.0
24/03/2012,23.2,26.3,17.5
25/03/2012,26.4,25.4,7.6
26/03/2012,22.4,28.3,12.6
27/03/2012,10.5,11.1,12.7
28/03/2012,20.7,27.7,19.0
29/03/2012,29.4,23.6,14.7
30/03/2012,24.4,27.5,11.0
31/03/2012,19.6,18.4,10.4
01/04/2012,23.2,27.5,13.0
02/04/2012,18.1,32.5,7.7
03/04/2012,22.3,26.2,23.5
04/04/2012,23.2,21.0,15.6
05/04/2012,26.9,21.3,11.2
06/04/2012,11.7,28.4,10.6
07/04/2012,14.0,28.4,9.8
08/04/2012,17.6,27.2,17.5
09/04/2012,23.1,24.9,7.7
10/04/2012,24.5,26.3,14.8
11/04/2012,20.1,24.8,18.4
12/04/2012,10.2,23.0,12.8
13/04/2012,25.8,29.5,10.8
14/04/2012,21.6,26.9,19.7
15/04/2012,21.8,32.5,10.2
16/04/2012,8.1,31.5,14.3
17/04/2012,26.7,26.7,16.2
18/04/2012,18.7,28.5,12.7
19/04/2012,25.5,19.7,9.9
20/04/2012,23.5,24.7,13.0
21/04/2012,16.5,27.1,17.3
22/04/2012,21.6,16.1,12.1
23/04/2012,25.0,27.6,17.9
24/04/2012,11.1,19.7,14.4
25/04/2012,24.4,20.3,12.7
26/04/2012,13.2,22.1,12.1
27/04/2012,15.3,25.0,16.8
28/04/2012,14.0,17.5,21.1
29/04/2012,30.8,30.0,16.2
30/04/2012,20.6,26.1,11.0
01/05/2012,10.0,36.1,21.0
02/05/2012,16.1,26.8,11.4
03/05/2012,16.2,28.4,24.0
04/05/2012,20.1,20.3,14.9
05/05/2012,16.0,18.4,11.4
06/05/2012,12.4,28.7,18.4
07/05/2012,26.4,18.9,14.2
08/05/2012,19.1,28.8,17.8
09/05/2012,18.7,34.9,16.1
10/05/2012,27.6,30.5,9.0
11/05/2012,28.9,28.4,15.3
12/05/2012,19.2,26.7,18.1
13/05/2012,14.2,22.9,16.2
14/05/2012,19.6,24.5,21.7
15/05/2012,30.9,21.9,17.2
16/05/2012,15.3,17.6,14.5
17/05/2012,14.6,25.3,16.7
18/05/2012,20.7,31.5,13.3
19/05/2012,19.2,17.8,17.4
20/05/2012,21.0,33.1,17.4
21/05/2012,20.6,32.1,9.7
22/05/2012,18.9,27.4,19.4
23/05/2012,17.1,27.4,26.5
24/05/2012,17.7,24.1,18.3
25/05/2012,14.3,25.4,5.8
26/05/2012,18.5,22.5,13.6
27/05/2012,19.0,25.3,9.5
28/05/2012,18.0,25.9,14.2
29/05/2012,21.8,35.9,19.0
30/05/2012,18.5,28.4,12.2
31/05/2012,20.4,23.9,24.8
01/02/2013,19.4,19.8,20.0
02/02/2013,11.4,26.1,22.9
03/02/2013,9.0,35.8,14.4
04/02/2013,16.9,23.2,14.3
05/02/2013,17.6,31.2,21.8
06/02/2013,25.7,24.3,18.4
07/02/2013,29.9,35.4,21.6
08/02/2013,15.4,15.7,25.1
09/02/2013,15.4,25.5,11.6
10/02/2013,26.6,16.7,19.6
11/02/2013,21.4,21.1,12.8
12/02/2013,37.0,21.1,23.2
13/02/2013,18.5,23.6,9.9
14/02/2013,24.4,18.3,20.1
15/02/2013,31.1,24.7,13.0
16/02/2013,13.6,27.8,18.3
17/02/2013,14.9,16.4,21.8
18/02/2013,21.6,21.5,12.5
19/02/2013,19.4,39.6,8.6
20/02/2013,20.4,27.0,14.4
21/02/2013,15.8,14.8,13.8
22/02/2013,19.4,17.1,9.4
23/02/2013,17.8,26.4,5.9
24/02/2013,22.2,25.7,21.5
25/02/2013,24.2,21.8,22.9
26/02/2013,12.2,37.7,12.7
27/02/2013,25.8,40.1,14.2
28/02/2013,19.7,23.6,19.6
01/03/2013,24.2,30.1,19.6
02/03/2013,18.7,30.4,24.3
03/03/2013,24.9,31.2,18.7
04/03/2013,23.9,21.5,10.7
05/03/2013,21.6,36.2,19.5
06/03/2013,19.8,24.7,12.3
07/03/2013,22.1,27.5,15.3
08/03/2013,29.1,25.1,21.0
09/03/2013,25.0,24.3,11.3
10/03/2013,22.8,26.7,15.3
11/03/2013,16.9,18.4,9.7
12/03/2013,16.5,13.9,10.9
13/03/2013,16.0,23.9,13.0
14/03/2013,13.5,20.1,23.6
15/03/2013,23.7,28.3,15.8
16/03/2013,20.3,27.6,28.5
17/03/2013,21.3,25.2,20.3
18/03/2013,11.7,33.6,20.4
19/03/2013,15.9,25.1,10.4
20/03/2013,19.0,16.8,14.9
21/03/2013,13.8,23.9,10.1
22/03/2013,13.9,31.8,14.2
23/03/2013,14.9,14.4,13.4
24/03/2013,22.1,24.6,15.5
25/03/2013,7.2,28.4,19.7
26/03/2013,18.8,40.3,14.4
27/03/2013,27.0,32.0,19.7
28/03/2013,24.8,25.9,8.6
29/03/2013,25.1,28.1,17.8
30/03/2013,17.9,14.3,13.6
31/03/2013,29.1,19.1,16.9
01/04/2013,16.8,28.8,19.8
02/04/2013,21.8,26.1,8.7
03/04/2013,22.2,26.8,22.8
04/04/2013,14.2,25.3,14.7
05/04/2013,10.0,25.1,24.7
06/04/2013,23.9,25.7,16.0
07/04/2013,15.1,19.1,22.1
08/04/2013,19.1,23.8,15.9
09/04/2013,21.5,18.0,17.0
10/04/2013,19.5,21.6,16.2
11/04/2013,22.9,32.0,14.6
12/04/2013,21.9,24.1,14.4
13/04/2013,22.2,28.5,16.8
14/04/2013,21.4,25.8,18.3
15/04/2013,12.5,22.9,16.8
16/04/2013,19.7,19.4,18.2
17/04/2013,21.9,22.8,8.3
18/04/2013,30.8,26.2,20.0
19/04/2013,21.6,28.4,12.1
20/04/2013,18.7,25.8,7.7
21/04/2013,22.9,28.8,24.6
22/04/2013,16.3,16.4,22.5
23/04/2013,26.5,30.1,15.6
24/04/2013,19.2,18.7,20.8
25/04/2013,18.5,30.7,14.1
26/04/2013,12.5,28.0,13.4
27/04/2013,17.3,14.5,12.8
28/04/2013,19.2,29.3,12.6
29/04/2013,28.1,30.8,14.4
30/04/2013,17.6,32.3,12.2
01/05/2013,19.2,20.7,1.9
02/05/2013,23.0,26.2,14.8
03/05/2013,15.5,29.1,11.0
04/05/2013,17.2,29.3,17.1
05/05/2013,25.9,27.5,14.5
06/05/2013,12.2,22.7,18.7
07/05/2013,16.2,30.8,15.7
08/05/2013,21.4,30.8,9.5
09/05/2013,21.5,24.2,9.5
10/05/2013,32.5,20.7,9.7
11/05/2013,20.4,21.0,11.5
12/05/2013,16.7,32.9,12.3
13/05/2013,17.5,30.6,20.1
14/05/2013,25.1,25.0,16.6
15/05/2013,16.2,24.0,6.7
16/05/2013,18.6,15.0,11.4
17/05/2013,24.1,24.6,15.5
18/05/2013,18.1,18.3,10.8
19/05/2013,22.5,26.0,16.1
20/05/2013,12.1,31.9,11.6
21/05/2013,14.7,19.5,15.0
22/05/2013,16.9,26.5,12.9
23/05/2013,12.5,30.8,16.2
24/05/2013,14.1,26.4,22.6
25/05/2013,16.4,22.1,20.0
26/05/2013,30.0,25.2,10.4
27/05/2013,21.5,30.6,27.8
28/05/2013,23.6,26.6,21.4
29/05/2013,22.9,25.1,12.3
30/05/2013,8.4,31.7,11.5
31/05/2013,20.2,28.1,17.3
01/02/2014,14.3,19.6,18.1
02/02/2014,26.6,28.9,9.7
03/02/2014,9.8,12.4,14.9
04/02/2014,11.2,29.7,21.8
05/02/2014,15.3,29.5,18.7
06/02/2014,22.7,19.9,18.2
07/02/2014,26.5,25.5,19.3
08/02/2014,16.3,20.0,17.2
09/02/2014,20.7,27.6,14.0
10/02/2014,25.7,29.8,20.3
11/02/2014,22.6,19.4,13.4
12/02/2014,30.0,17.7,14.9
13/02/2014,16.4,31.4,7.6
14/02/2014,25.9,36.2,13.3
15/02/2014,15.9,28.0,16.0
16/02/2014,21.3,28.4,15.8
17/02/2014,20.0,23.2,20.1
18/02/2014,21.3,26.2,13.5
19/02/2014,14.2,27.1,13.7
20/02/2014,16.9,24.1,13.0
21/02/2014,15.0,32.8,16.8
22/02/2014,16.5,26.1,23.1
23/02/2014,19.1,26.9,4.5
24/02/2014,14.7,24.2,13.3
25/02/2014,16.0,24.8,14.0
26/02/2014,22.5,32.1,5.3
27/02/2014,21.2,26.0,15.1
28/02/2014,27.9,26.1,13.9
01/03/2014,20.3,26.2,13.5
02/03/2014,28.2,23.0,10.3
03/03/2014,12.2,17.1,15.2
04/03/2014,10.4,34.1,10.0
05/03/2014,17.8,31.2,11.6
06/03/2014,17.4,32.3,14.7
07/03/2014,15.8,19.0,20.6
08/03/2014,17.5,33.4,17.6
09/03/2014,23.2,36.4,18.6
10/03/2014,17.5,31.1,25.2
11/03/2014,23.0,34.5,17.8
12/03/2014,25.7,29.7,10.6
13/03/2014,23.3,20.3,12.9
14/03/2014,18.5,28.0,11.5
15/03/2014,17.5,19.3,15.0
16/03/2014,26.0,21.7,13.7
17/03/2014,27.8,26.9,11.1
18/03/2014,21.1,26.2,20.1
19/03/2014,23.5,27.8,20.5
20/03/2014,22.6,14.9,16.5
21/03/2014,16.4,24.2,10.8
22/03/2014,20.2,28.3,16.2
23/03/2014,21.4,29.4,12.7
24/03/2014,26.3,29.8,21.9
25/03/2014,18.8,26.6,9.9
26/03/2014,13.8,23.0,18.8
27/03/2014,18.9,28.0,18.7
28/03/2014,18.7,23.4,20.0
29/03/2014,15.9,30.3,16.6
30/03/2014,24.6,27.6,14.1
31/03/2014,24.9,24.8,27.2
01/04/2014,7.3,20.7,11.4
02/04/2014,25.8,31.5,19.1
03/04/2014,21.1,28.3,15.7
04/04/2014,20.1,37.1,17.3
05/04/2014,22.1,28.1,17.3
06/04/2014,11.0,28.6,10.4
07/04/2014,17.3,16.8,9.2
08/04/2014,22.9,26.9,9.5
09/04/2014,22.2,23.3,13.5
10/04/2014,17.9,29.8,16.9
11/04/2014,19.9,27.0,12.3
12/04/2014,20.3,30.8,8.7
13/04/2014,21.5,37.3,20.1
14/04/2014,30.3,20.6,8.2
15/04/2014,12.2,30.5,18.0
16/04/2014,15.5,29.0,12.0
17/04/2014,19.6,36.4,21.6
18/04/2014,21.9,29.2,13.1
19/04/2014,19.8,28.6,7.1
20/04/2014,14.9,30.0,15.5
21/04/2014,22.0,30.4,11.6
22/04/2014,21.2,33.4,19.6
23/04/2014,20.8,20.5,17.3
24/04/2014,16.8,22.9,12.6
25/04/2014,21.9,35.0,10.8
26/04/2014,25.4,13.9,10.3
27/04/2014,23.7,24.6,12.8
28/04/2014,14.0,26.0,22.3
29/04/2014,14.9,24.1,15.0
30/04/2014,23.2,34.2,20.2
01/05/2014,16.6,27.8,8.5
02/05/2014,13.5,22.9,6.4
03/05/2014,16.7,21.5,11.1
04/05/2014,16.2,26.7,18.8
05/05/2014,18.3,31.8,14.3
06/05/2014,18.7,25.9,20.0
07/05/2014,10.9,24.4,21.8
08/05/2014,20.7,21.2,11.0
09/05/2014,21.9,27.3,19.7
10/05/2014,20.3,26.9,22.4
11/05/2014,22.3,21.0,20.7
12/05/2014,22.2,31.0,7.9
13/05/2014,13.5,34.9,6.7
14/05/2014,19.5,25.4,13.5
15/05/2014,21.1,26.9,13.7
16/05/2014,21.1,18.8,19.7
17/05/2014,26.5,29.3,11.0
18/05/2014,21.6,27.8,17.7
19/05/2014,19.9,23.3,10.4
20/05/2014,23.8,20.9,17.3
21/05/2014,24.0,35.7,13.4
22/05/2014,19.9,27.3,17.4
23/05/2014,26.0,19.9,13.9
24/05/2014,20.5,30.0,5.0
25/05/2014,17.1,26.4,18.1
26/05/2014,24.2,25.5,21.3
27/05/2014,16.1,30.7,11.6
28/05/2014,26.7,10.2,19.6
29/05/2014,17.3,14.8,12.7
30/05/2014,14.7,33.0,9.1
31/05/2014,15.8,24.4,12.7
01/02/2015,18.6,29.7,14.5
02/02/2015,12.4,34.4,14.7
03/02/2015,22.3,23.8,19.4
04/02/2015,25.2,22.2,13.6
05/02/2015,23.7,25.0,19.3
06/02/2015,20.9,27.5,19.1
07/02/2015,12.1,18.7,12.5
08/02/2015,23.0,23.7,14.2
09/02/2015,28.6,24.8,16.0
10/02/2015,19.0,25.4,13.5
11/02/2015,20.2,24.3,11.3
12/02/2015,25.8,19.8,22.8
13/02/2015,20.0,27.1,7.0
14/02/2015,18.7,24.9,16.8
15/02/2015,19.6,24.9,22.3
16/02/2015,23.5,18.9,11.8
17/02/2015,24.1,28.8,15.8
18/02/2015,9.1,19.7,20.0
19/02/2015,22.9,34.4,0.9
20/02/2015,20.4,18.4,15.4
21/02/2015,15.7,29.5,8.1
22/02/2015,26.6,14.2,20.3
23/02/2015,22.8,12.2,11.8
24/02/2015,13.2,22.0,24.3
25/02/2015,23.2,12.2,11.0
26/02/2015,25.3,29.3,17.8
27/02/2015,15.8,25.0,11.4
28/02/2015,20.6,33.1,14.5
01/03/2015,19.2,24.2,15.6
02/03/2015,19.7,26.5,15.8
03/03/2015,18.0,23.6,23.7
04/03/2015,17.4,20.1,22.6
05/03/2015,22.6,22.8,12.0
06/03/2015,20.1,18.3,15.9
07/03/2015,23.4,27.3,10.0
08/03/2015,24.9,23.4,8.9
09/03/2015,27.5,24.6,12.4
10/03/2015,15.9,41.3,23.8
11/03/2015,26.0,22.8,7.5
12/03/2015,21.8,26.9,18.4
13/03/2015,20.5,24.8,17.9
14/03/2015,21.2,31.7,12.1
15/03/2015,18.9,26.5,18.8
16/03/2015,11.8,23.6,18.8
17/03/2015,23.7,38.2,15.5
18/03/2015,22.4,20.2,14.9
19/03/2015,21.1,24.0,14.5
20/03/2015,12.4,30.4,11.6
21/03/2015,20.5,20.5,16.5
22/03/2015,21.8,29.5,13.2
23/03/2015,28.7,22.4,16.4
24/03/2015,21.5,30.9,12.7
25/03/2015,11.0,30.7,12.5
26/03/2015,22.1,24.6,13.0
27/03/2015,25.4,19.4,21.8
28/03/2015,18.0,22.9,9.0
29/03/2015,12.0,25.0,24.2
30/03/2015,28.8,30.2,19.4
31/03/2015,20.2,27.0,8.1
01/04/2015,17.0,28.2,12.9
02/04/2015,23.5,27.1,7.8
03/04/2015,15.0,30.0,18.8
04/04/2015,15.0,24.0,21.8
05/04/2015,17.7,26.1,16.8
06/04/2015,20.8,25.3,21.6
07/04/2015,16.6,22.6,16.5
08/04/2015,22.3,30.9,20.4
09/04/2015,23.0,30.8,17.1
10/04/2015,19.5,32.0,15.7
11/04/2015,18.6,20.8,19.4
12/04/2015,23.7,27.1,14.9
13/04/2015,22.5,31.4,22.7
14/04/2015,14.3,33.7,14.1
15/04/2015,25.6,16.5,18.4
16/04/2015,23.4,25.1,12.2
17/04/2015,17.0,24.0,8.0
18/04/2015,11.5,34.2,17.4
19/04/2015,21.0,12.5,6.9
20/04/2015,20.7,19.1,26.1
21/04/2015,20.9,33.3,13.9
22/04/2015,26.4,22.4,15.3
23/04/2015,19.4,17.7,14.2
24/04/2015,21.5,33.8,16.3
25/04/2015,22.3,17.0,17.3
26/04/2015,17.4,31.0,11.6
27/04/2015,23.4,16.2,3.3
28/04/2015,26.3,16.9,10.3
29/04/2015,17.6,26.3,13.3
30/04/2015,10.6,20.3,17.0
01/05/2015,15.7,26.7,16.5
02/05/2015,19.9,35.4,19.3
03/05/2015,11.9,24.2,7.7
04/05/2015,17.0,34.4,11.3
05/05/2015,19.7,27.0,13.5
06/05/2015,22.7,30.6,23.0
07/05/2015,24.4,11.7,28.8
08/05/2015,21.3,28.8,9.1
09/05/2015,18.8,27.9,20.9
10/05/2015,17.6,23.1,16.1
11/05/2015,19.3,36.0,18.4
12/05/2015,23.5,22.3,9.2
13/05/2015,22.2,15.9,22.2
14/05/2015,19.7,29.6,4.9
15/05/2015,26.1,17.0,9.3
16/05/2015,18.0,25.6,14.4
17/05/2015,24.9,32.8,12.8
18/05/2015,17.4,28.0,15.8
19/05/2015,14.2,23.7,12.3
20/05/2015,20.0,23.1,13.9
21/05/2015,10.7,32.4,14.8
22/05/2015,18.2,18.2,14.6
23/05/2015,23.5,29.6,16.4
24/05/2015,23.5,37.7,20.0
25/05/2015,26.2,28.2,12.0
26/05/2015,16.1,23.8,22.2
27/05/2015,14.4,24.2,15.9
28/05/2015,22.8,22.4,21.8
29/05/2015,15.9,21.4,14.0
30/05/2015,20.7,25.8,11.5
31/05/2015,14.6,29.0,16.0
01/02/2016,22.7,21.0,16.3
02/02/2016,14.1,26.9,15.4
03/02/2016,18.4,23.4,20.4
04/02/2016,24.0,25.0,15.9
05/02/2016,25.1,31.7,14.6
06/02/2016,23.5,26.1,16.4
07/02/2016,21.9,19.9,22.1
08/02/2016,16.4,21.9,17.6
09/02/2016,15.6,30.0,15.9
10/02/2016,23.4,27.9,21.4
11/02/2016,20.0,30.4,13.1
12/02/2016,15.2,23.8,0.2
13/02/2016,23.9,17.2,17.8
14/02/2016,16.7,28.0,17.8
15/02/2016,26.5,26.6,12.6
16/02/2016,17.2,26.7,14.4
17/02/2016,16.4,17.2,21.7
18/02/2016,16.7,21.5,17.9
19/02/2016,18.1,19.8,22.8
20/02/2016,22.6,27.4,17.0
21/02/2016,18.9,27.6,14.9
22/02/2016,27.5,24.9,19.1
23/02/2016,19.2,30.7,17.4
24/02/2016,14.5,33.6,17.8
25/02/2016,20.7,27.1,14.5
26/02/2016,29.5,29.0,12.9
27/02/2016,19.5,22.0,13.1
28/02/2016,11.1,21.0,18.2
29/02/2016,15.4,30.9,18.8
01/03/2016,21.2,20.1,2.9
02/03/2016,10.3,29.1,12.1
03/03/2016,27.5,34.9,8.0
04/03/2016,17.6,28.9,13.2
05/03/2016,5.4,24.7,12.7
06/03/2016,31.6,17.5,16.4
07/03/2016,26.8,26.1,16.6
08/03/2016,16.7,30.9,26.0
09/03/2016,15.2,24.1,17.5
10/03/2016,19.1,31.0,18.8
11/03/2016,27.6,27.2,8.8
12/03/2016,19.7,26.8,14.0
13/03/2016,12.6,23.3,10.4
14/03/2016,25.9,16.8,18.6
15/03/2016,22.0,22.7,15.9
16/03/2016,12.8,22.7,14.0
17/03/2016,16.2,28.4,20.3
18/03/2016,18.8,25.0,14.4
19/03/2016,18.8,31.3,22.1
20/03/2016,24.1,26.7,22.1
21/03/2016,25.0,22.3,12.6
22/03/2016,21.4,20.5,21.0
23/03/2016,24.9,21.7,16.2
24/03/2016,21.9,26.0,13.8
25/03/2016,14.6,23.0,17.6
26/03/2016,19.8,19.0,8.0
27/03/2016,17.1,30.9,13.1
28/03/2016,25.3,26.0,17.7
29/03/2016,16.2,26.7,14.2
30/03/2016,21.3,20.4,20.9
31/03/2016,16.5,19.2,13.7
01/04/2016,11.6,24.2,16.2
02/04/2016,20.0,13.5,15.1
03/04/2016,21.1,29.6,8.3
04/04/2016,24.6,21.1,17.6
05/04/2016,23.1,23.6,17.2
06/04/2016,13.6,27.6,6.3
07/04/2016,19.5,23.8,3.7
08/04/2016,14.4,18.5,13.5
09/04/2016,15.6,33.7,21.6
10/04/2016,21.0,16.4,28.8
11/04/2016,22.1,12.4,6.8
12/04/2016,11.9,30.1,23.5
13/04/2016,21.2,16.8,21.3
14/04/2016,21.1,32.3,12.8
15/04/2016,14.1,27.3,24.8
16/04/2016,18.9,26.7,17.9
17/04/2016,14.4,21.9,14.6
18/04/2016,10.6,20.4,7.0
19/04/2016,24.7,23.0,16.2
20/04/2016,24.0,20.1,15.9
21/04/2016,18.7,32.0,26.5
22/04/2016,21.8,20.9,11.1
23/04/2016,14.1,28.0,11.4
24/04/2016,23.8,30.9,13.2
25/04/2016,20.4,20.1,28.5
26/04/2016,13.5,27.3,10.1
27/04/2016,21.1,20.0,22.0
28/04/2016,21.4,24.1,8.1
29/04/2016,17.1,22.5,17.7
30/04/2016,12.1,21.2,16.1
01/05/2016,17.2,26.0,12.3
02/05/2016,25.1,18.2,19.1
03/05/2016,23.0,30.4,11.8
04/05/2016,21.1,19.0,7.8
05/05/2016,16.2,17.9,14.2
06/05/2016,16.8,23.7,11.2
07/05/2016,15.1,23.0,16.9
08/05/2016,20.4,27.2,14.3
09/05/2016,20.7,25.6,23.2
10/05/2016,25.2,15.8,14.1
11/05/2016,12.3,30.8,17.0
12/05/2016,18.5,23.5,10.0
13/05/2016,16.3,26.5,13.6
14/05/2016,19.8,37.7,11.2
15/05/2016,22.9,32.5,21.4
16/05/2016,16.2,26.3,12.0
17/05/2016,23.1,17.3,12.5
18/05/2016,22.4,17.4,17.1
19/05/2016,18.1,31.8,12.2
20/05/2016,24.2,22.8,22.5
21/05/2016,22.0,24.2,25.1
22/05/2016,16.2,18.6,11.3
23/05/2016,15.9,27.7,19.8
24/05/2016,23.8,31.6,11.6
25/05/2016,16.9,33.8,13.9
26/05/2016,22.8,22.6,19.0
27/05/2016,14.2,28.8,16.3
28/05/2016,24.5,24.6,16.5
29/05/2016,11.8,30.2,21.0
30/05/2016,11.8,25.1,20.9
31/05/2016,17.3,20.4,15.9
